Workbook
Name AVG_of_1st_Build_Duration: 'Team Score Card'!$F$3:$F$8
Name AVG_of_1st_Wasted_Time: 'Team Score Card'!#REF!
Name AVG_of_2nd_Build_Duration: 'Team Score Card'!$F$9:$F$14
Name AVG_of_2nd_Wasted_Time: 'Team Score Card'!#REF!
Name AVG_of_3rd_Build_Duration: 'Team Score Card'!$F$15:$F$20
Name AVG_of_3rd_Wasted_Time: 'Team Score Card'!#REF!

Sheet Team Score Card
C1: How many penny-flippers (not counting time-keepers) are in the team? | D1: How long did it take for all pennies to be flipped by all team members? | E1: What percentage of pennies are "correct-face-up"? | F1: How how long did it take for the ‘first penny’ to reach the customer? | G1: How long did it take the 'last penny' to reach the customer?
A2: Round # | B2: Team # | C2: # of flips | D2: Total Duration (Seconds) | E2: Quality | F2: 1st Time To Market | G2: Last Time To Market
A3: 1 | B3: Team 1 | C3: 3 | D3: 34 | E3: 100 | F3: 28 | G3: 34
A4: 1 | B4: Team 2 | C4: 3 | D4: 38 | E4: 100 | F4: 31 | G4: 38
A5: 1 | B5: Team 3 | C5: 3 | D5: 56 | E5: 100 | F5: 35 | G5: 56
A6: 1 | B6: Team 4 | C6: 3 | D6: 41 | E6: 100 | F6: 36 | G6: 41
A7: 1 | B7: Team 5 | C7: 3 | D7: 43 | E7: 100 | F7: 43 | G7: 43
A8: 1 | B8: Team 6 | C8: 3 | D8: 39 | E8: 100 | F8: 39 | G8: 39
A9: =A3+1 -> 2 | B9: =B3 -> Team 1 | C9: 3 | D9: 20 | E9: 100 | F9: 20 | G9: 20
A10: =A4+1 -> 2 | B10: =B4 -> Team 2 | C10: 3 | D10: 8 | E10: 100 | F10: 8 | G10: 8
A11: =A5+1 -> 2 | B11: =B5 -> Team 3 | C11: 3 | D11: 22 | E11: 60 | F11: 13 | G11: 22
A12: =A6+1 -> 2 | B12: =B6 -> Team 4 | C12: 3 | D12: 31 | E12: 100 | F12: 29 | G12: 31
A13: =A7+1 -> 2 | B13: =B7 -> Team 5 | C13: 3 | D13: 54 | E13: 100 | F13: 11 | G13: 54
A14: =A8+1 -> 2 | B14: =B8 -> Team 6 | C14: 3 | D14: 29 | E14: 100 | F14: 29 | G14: 29
A15: =A9+1 -> 3 | B15: =B9 -> Team 1 | C15: 3 | D15: 5 | E15: 100 | F15: 2 | G15: 5
A16: =A10+1 -> 3 | B16: =B10 -> Team 2 | C16: 3 | D16: 6 | E16: 100 | F16: 6 | G16: 6
A17: =A11+1 -> 3 | B17: =B11 -> Team 3 | C17: 3 | D17: 3 | E17: 100 | F17: 3 | G17: 3
A18: =A12+1 -> 3 | B18: =B12 -> Team 4 | C18: 3 | D18: 6 | E18: 100 | F18: 6 | G18: 6
A19: =A13+1 -> 3 | B19: =B13 -> Team 5 | C19: 3 | D19: 10 | E19: 100 | F19: 3 | G19: 10
A20: =A14+1 -> 3 | B20: =B14 -> Team 6 | C20: 3 | D20: 8 | E20: 100 | F20: 8 | G20: 8

Sheet Questions for discussion
A1: How long did each person stand around doing nothing? | B1: Round 1 | C1: Round 2 | D1: Round 3 | F1: What does this mean regarding production cost per penny?
A2: ='Team Score Card'!$B3 -> Team 1 | B2: ='Team Score Card'!$D3/'Team Score Card'!$C3 -> 11.333333 | C2: ='Team Score Card'!$D9/'Team Score Card'!$C9 -> 6.6666667 | D2: ='Team Score Card'!$D15/'Team Score Card'!$C15 -> 1.6666667
A3: ='Team Score Card'!$B4 -> Team 2 | B3: ='Team Score Card'!$D4/'Team Score Card'!$C4 -> 12.666667 | C3: ='Team Score Card'!$D10/'Team Score Card'!$C10 -> 2.6666667 | D3: ='Team Score Card'!$D16/'Team Score Card'!$C16 -> 2
A4: ='Team Score Card'!$B5 -> Team 3 | B4: ='Team Score Card'!$D5/'Team Score Card'!$C5 -> 18.666667 | C4: ='Team Score Card'!$D11/'Team Score Card'!$C11 -> 7.3333333 | D4: ='Team Score Card'!$D17/'Team Score Card'!$C17 -> 1
A5: ='Team Score Card'!$B6 -> Team 4 | B5: ='Team Score Card'!$D6/'Team Score Card'!$C6 -> 13.666667 | C5: ='Team Score Card'!$D12/'Team Score Card'!$C12 -> 10.333333 | D5: ='Team Score Card'!$D18/'Team Score Card'!$C18 -> 2
A6: ='Team Score Card'!$B7 -> Team 5 | B6: ='Team Score Card'!$D7/'Team Score Card'!$C7 -> 14.333333 | C6: ='Team Score Card'!$D13/'Team Score Card'!$C13 -> 18 | D6: ='Team Score Card'!$D19/'Team Score Card'!$C19 -> 3.3333333
A7: ='Team Score Card'!$B8 -> Team 6 | B7: ='Team Score Card'!$D8/'Team Score Card'!$C8 -> 13 | C7: ='Team Score Card'!$D14/'Team Score Card'!$C14 -> 9.6666667 | D7: ='Team Score Card'!$D20/'Team Score Card'!$C20 -> 2.6666667
A8: Average wasted time per person | B8: =SUBTOTAL(101,Table1[Round 1]) -> 13.944444 | C8: =SUBTOTAL(101,Table1[Round 2]) -> 9.1111111 | D8: =SUBTOTAL(101,Table1[Round 3]) -> 2.1111111
A12: What change can we observe in the time-to-market? | B12: Round 2 to Round 1 (x times faster) | C12: Round 3 to Round 2 (x times faster) | D12: Round 3 to Round 1 (x times faster) | F12: What does this mean for a teams potential profitability?
A13: =A2 -> Team 1 | B13: ='Team Score Card'!F3/'Team Score Card'!F9 -> 1.4 | C13: ='Team Score Card'!F9/'Team Score Card'!F15 -> 10 | D13: ='Team Score Card'!F3/'Team Score Card'!F15 -> 14
A14: =A3 -> Team 2 | B14: ='Team Score Card'!F4/'Team Score Card'!F10 -> 3.875 | C14: ='Team Score Card'!F10/'Team Score Card'!F16 -> 1.3333333 | D14: ='Team Score Card'!F4/'Team Score Card'!F16 -> 5.1666667
A15: =A4 -> Team 3 | B15: ='Team Score Card'!F5/'Team Score Card'!F11 -> 2.6923077 | C15: ='Team Score Card'!F11/'Team Score Card'!F17 -> 4.3333333 | D15: ='Team Score Card'!F5/'Team Score Card'!F17 -> 11.666667
A16: =A5 -> Team 4 | B16: ='Team Score Card'!F6/'Team Score Card'!F12 -> 1.2413793 | C16: ='Team Score Card'!F12/'Team Score Card'!F18 -> 4.8333333 | D16: ='Team Score Card'!F6/'Team Score Card'!F18 -> 6
A17: =A6 -> Team 5 | B17: ='Team Score Card'!F7/'Team Score Card'!F13 -> 3.9090909 | C17: ='Team Score Card'!F13/'Team Score Card'!F19 -> 3.6666667 | D17: ='Team Score Card'!F7/'Team Score Card'!F19 -> 14.333333
A18: =A7 -> Team 6 | B18: ='Team Score Card'!F8/'Team Score Card'!F14 -> 1.3448276 | C18: ='Team Score Card'!F14/'Team Score Card'!F20 -> 3.625 | D18: ='Team Score Card'!F8/'Team Score Card'!F20 -> 4.875
A19: Average improvement for all teams | B19: =ROUND(SUBTOTAL(101,B13:B18),2) &" times faster" -> 2.41 times faster | C19: =ROUND(SUBTOTAL(101,C13:C18),2) &" times faster" -> 4.63 times faster | D19: =ROUND(SUBTOTAL(101,D13:D18),2) &" times faster" -> 9.34 times faster

Sheet Information & Instructions
A1: This spreadsheet accompanies a blog post and instructions that you'll find here: | B1: http://tumblr.davesabine.com/post/43931321966/queuing-theory-the-penny-game
